KEYTERMS,WEIGHT
lpar,2.0
rpar,1.991469
rsquo,1.92499804
woman,1.5500707
schooling,1.38794228
ndash,1.33026323
education,1.32566264
fertility,1.32315674
child,1.29130554
cohort,1.2355618
intergenerational,1.22185634
mldr,1.20187111
emsp,1.18349053
model,1.17721729
black,1.16996488
marriage,1.15668388
pathway,1.14939182
educational,1.14863817
mobility,1.14398417
age,1.14324895
birth,1.13715854
white,1.12413277
demographic,1.119336575
marital,1.11358045
simulation,1.10904646
