KEYTERMS,WEIGHT
uchicago,2.0
chicago,1.6478089
edu,1.5409719
subscription,1.48256657
ryon,1.39288303
illinois,1.3507873
editor,1.34839123
www,1.32573414
ajs,1.31628978
permission,1.31162834
merriman,1.3047349
press,1.27880174
electronic,1.2618625
journal,1.26032862
division,1.23841466
copyright,1.23773493
print,1.22911565
andreas,1.22202346
rate,1.20874447
lancaster,1.20840031
copying,1.20839718
editorial,1.20721439
isaac,1.20163108
fax,1.1839591
postage,1.17390357
