KEYTERMS,WEIGHT
lpar,2.0
rpar,1.98575675
ast,1.41787323
mldr,1.2897891
racial,1.2855529
nbsp,1.28027233
respondent,1.20734021
emsp,1.19700989
rdquo,1.18881342
ldquo,1.1887345
race,1.14242633
interviewer,1.11670313
rsquo,1.11512373
percnt,1.10621423
classification,1.09734782
mdash,1.09427666
nlsy,1.07498189
black,1.0712924
fluidity,1.070438646
identification,1.067862526
classified,1.06605471
change,1.062207103
inequality,1.05986967
white,1.055779025
characteristic,1.043233182
