KEYTERMS,WEIGHT
penal,2.0
rsquo,1.8000391
crime,1.75257427
rdquo,1.7418597
ldquo,1.74164116
state,1.5320611
political,1.44715297
incarceration,1.39028898
policy,1.36413464
mldr,1.35135403
nbsp,1.33968776
prison,1.30732822
politics,1.25726312
criminal,1.25490746
federal,1.23740013
reagan,1.21607025
field,1.19749604
republican,1.16484566
ndash,1.16388425
feeley,1.16225098
offender,1.15285966
enforcement,1.1523424
law,1.14794004
punitive,1.14692836
control,1.14041226
