KEYTERMS,WEIGHT
kirkuk,2.0
interethnic,1.91946816
mldr,1.7979014
nbsp,1.712908
erbil,1.70034397
emsp,1.592927
trust,1.388999
heterogeneous,1.37647375
friendship,1.36772415
tolerance,1.321571
ethnic,1.30100536
interaction,1.25972748
workplace,1.22145683
space,1.19358106
neighborhood,1.17275743
relation,1.16395535
kurd,1.15831432
mdash,1.15119189
ethnically,1.14970966
city,1.1485218
chaldean,1.14119223
hypothesis,1.13623326
assyrian,1.12869279
association,1.11774628
turkmen,1.110584654
