KEYTERMS,WEIGHT
ast,2.0
lpar,1.89772815
rpar,1.88940936
rsquo,1.43445837
financialization,1.36885348
income,1.31804934
mldr,1.2992115
nbsp,1.2892766
percnt,1.19322316
share,1.17073855
financial,1.16467582
industry,1.14979465
labor,1.14961386
compensation,1.14241886
worker,1.1255751
inequality,1.12102091
earnings,1.11871134
ndash,1.114225745
emsp,1.099956416
pcse,1.09158963
firm,1.089459606
officer,1.086809695
investment,1.080483094
capital,1.075150594
kristal,1.07279114
