KEYTERMS,WEIGHT
uchicago,2.0
chicago,1.6486328
edu,1.537986
subscription,1.48645777
illinois,1.3517414
editor,1.35039628
www,1.32031676
permission,1.31082386
ajs,1.31039768
press,1.280636
journal,1.26084784
electronic,1.25985634
division,1.23850632
copyright,1.23827241
andrew,1.23725523
print,1.22895907
rate,1.2094448
copying,1.20880075
editorial,1.20793043
michael,1.18941675
fax,1.18491545
postage,1.17550294
ben,1.16132818
university,1.1581523
additional,1.15773664
