KEYTERMS,WEIGHT
mldr,2.0
nbsp,1.9500936
mestizaje,1.796179
indigenous,1.7558892
racial,1.7513877
minority,1.69088995
rdquo,1.6302145
ldquo,1.6300309
emsp,1.5626827
latin,1.52884406
rsquo,1.45880044
dominant,1.43485686
discrimination,1.3840916
mestizo,1.3392334
ethnoracial,1.3326267
country,1.3161208
brazil,1.3129717
explanation,1.30760455
dominican,1.28788403
individualist,1.28193736
inequality,1.281058
belief,1.26091307
bolivia,1.24920939
stratification,1.24458608
structural,1.24445835
