KEYTERMS,WEIGHT
uchicago,2.0
chicago,1.64237344
edu,1.5361576
subscription,1.47958982
illinois,1.3467046
editor,1.3465073
www,1.32252833
permission,1.30922619
ajs,1.30812407
press,1.27651328
electronic,1.2594574
journal,1.2570112
andrew,1.2370366
division,1.23569737
copyright,1.2352316
print,1.22804262
copying,1.20746373
editorial,1.20590663
rate,1.20574188
michael,1.18873948
fax,1.18009739
postage,1.17284083
ben,1.15706295
additional,1.15511912
university,1.15488032
