KEYTERMS,WEIGHT
ajs,2.0
paper,1.6632491
issue,1.42459416
special,1.39715496
publication,1.34383148
negative,1.32284778
peer,1.31671408
counterexample,1.29928195
submission,1.29294232
finding,1.26634318
theory,1.25867766
substantially,1.24250858
null,1.21312341
author,1.19906177
provide,1.19841328
accepted,1.17293513
returned,1.14763086
framework,1.14308867
letter,1.1347779
decision,1.1261175
july,1.119634844
date,1.11470205
considered,1.09998562
