KEYTERMS,WEIGHT
jennifer,2.0
david,1.97017086
daniel,1.8178134
michael,1.7976351
amy,1.6826863
stephen,1.59180015
john,1.57885015
andrew,1.5619843
karen,1.55034006
ann,1.46518457
robert,1.4632353
sarah,1.458286
thomas,1.4470811
jeffrey,1.4429793
matthew,1.4416045
rebecca,1.43412435
emily,1.43132785
aacute,1.4162641
christopher,1.4022182
anthony,1.40160298
peter,1.39943987
alexandra,1.39701983
mary,1.38286772
paul,1.36366665
kathryn,1.358841
