KEYTERMS,WEIGHT
zuberi,2.0
karen,1.9520566
kevin,1.7435605
elizabeth,1.7292553
richard,1.5233248
emerson,1.50588775
laura,1.47851866
kim,1.46869463
patricia,1.44379
michael,1.42946073
anthony,1.398792
john,1.3921323
david,1.37240317
james,1.36310235
robert,1.35166383
brown,1.28041846
charles,1.25843295
william,1.23901147
young,1.22983928
