KEYTERMS,WEIGHT
mldr,2.0
rsquo,1.9718405
nbsp,1.96715957
woman,1.6675716
job,1.5966666
investment,1.51259625
gender,1.40341815
skill,1.35852742
model,1.30352288
respondent,1.29645818
score,1.29598224
men_rsquo,1.23912439
men_woman,1.23130275
fertility,1.2309514
regional,1.2222108
men,1.20638007
specialization,1.20623615
j_investment,1.20032173
behavior,1.1840071
macrolevel,1.18384995
norm,1.18021855
individual,1.17431925
housework,1.16825452
preference,1.16779561
occupation,1.16746533
