KEYTERMS,WEIGHT
michael,2.0
david,1.7076708
ellen,1.63032377
nelson,1.53533936
barbara,1.5151532
clark,1.48884866
king,1.42180997
martin,1.41790992
mark,1.39830643
