KEYTERMS,WEIGHT
lpar,2.0
rpar,1.9914691
ldquo,1.8179543
rdquo,1.80966985
rsquo,1.5713482
official,1.37966624
shenzhen,1.2806466
citizen,1.26500395
grassroots,1.23641068
bargaining,1.22472212
stability,1.21664062
government,1.21399096
state,1.17641595
aggrieved,1.16843121
worker,1.16422123
protest,1.15683788
unrest,1.12489565
villager,1.121063106
rmb,1.11998919
bureaucratic,1.111785606
beijing,1.111580424
power,1.11127456
leader,1.09747015
labor,1.09681165
instability,1.096035816
