KEYTERMS,WEIGHT
lpar,2.0
rpar,1.99073344
ast,1.32247794
migration,1.2079634
percnt,1.15493803
mldr,1.11156554
nbsp,1.1108573
earnings,1.091805406
dollar,1.08951724
migrant,1.08775886
nonmigrants,1.085992604
emsp,1.08107916
black,1.08001128
rsquo,1.07424743
occupational,1.05867706
relative,1.057216246
absolute,1.050792642
south,1.04616131
white,1.045051813
wage,1.044460736
mobility,1.042348128
status,1.041547805
deprivation,1.04093081
rent,1.04027083
variable,1.038731858
