KEYTERMS,WEIGHT
emsp,2.0
skill,1.9565318
mldr,1.375495
nbsp,1.3630272
sbtc,1.34022775
rdquo,1.2349131
ldquo,1.23484391
demand,1.18387416
creative,1.16850726
occupation,1.1636145
wage,1.16360755
computer,1.14540753
analytic,1.14263956
payoff,1.13723703
payout,1.13180351
occupational,1.12810083
cognitive,1.12718077
nurturing,1.11388764
rating,1.105933264
trend,1.10468068
takeoff,1.10327151
rising,1.099727124
workplace,1.099235
managerial,1.09617317
labor,1.094068475
