KEYTERMS,WEIGHT
lpar,2.0
rpar,1.9896558
rdquo,1.5485437
ldquo,1.5482883
rsquo,1.50574946
trajectory,1.4653412
actor,1.3732607
protentions,1.34871706
temporal,1.30997607
landscape,1.30014548
mdash,1.2798134
protention,1.27734226
interaction,1.17085558
people,1.16870317
bourdieu,1.16373225
future,1.14531274
narrative,1.13865192
action,1.11440496
mode,1.113161996
project,1.109556966
ngo,1.10848857
coordinate,1.08947451
plan,1.07700205
naturalized,1.07416678
schutz,1.065417595
