KEYTERMS,WEIGHT
lpar,2.0
rpar,1.9897105
ast,1.6366758
fdi,1.18790637
igos,1.13223632
mldr,1.12524325
nbsp,1.12102279
igo,1.087598674
country,1.077956535
percnt,1.055548254
connectedness,1.05464924
flow,1.048258636
gdp,1.042686872
target,1.04002301
eigo,1.037194047
democracy,1.03422427
mdash,1.033442765
aigo,1.031192329
oecd,1.030787122
ijt,1.02983258
imf,1.028684257
rdquo,1.027570112
ldquo,1.027557282
rsquo,1.026738437
trade,1.02528279
