KEYTERMS,WEIGHT
ajs,2.0
paper,1.6692173
issue,1.42604935
special,1.39961842
publication,1.34833205
negative,1.32255116
peer,1.31525114
counterexample,1.29625902
submission,1.29357454
finding,1.2660391
theory,1.2580876
substantially,1.24274075
null,1.21234405
author,1.2003372
provide,1.19926152
accepted,1.17447394
returned,1.14792857
framework,1.14206159
letter,1.13511021
decision,1.12611762
july,1.1207167
date,1.11585712
considered,1.10068563
