KEYTERMS,WEIGHT
lpar,2.0
rpar,1.9857567
network,1.42709917
rsquo,1.19515894
character,1.19513969
mldr,1.16865218
nbsp,1.16719142
achievement,1.13920854
multirole,1.120522976
nonredundant,1.11184911
rdquo,1.097523905
ldquo,1.09748314
player,1.09378107
ego,1.09136266
contact,1.08711387
inworld,1.08296885
hole,1.07914207
personality,1.07523784
percnt,1.07174086
broker,1.07163574
people,1.06548507
role,1.06439901
lsqb,1.06274493
rsqb,1.06273125
data,1.06048414
