KEYTERMS,WEIGHT
celarent,2.0
michael,1.61918396
willer,1.48042735
barbara,1.42529944
rydgren,1.41411614
alcacer,1.40880722
eliasoph,1.4064716
gender,1.40617323
racial,1.37513956
grusky,1.35931367
politics,1.354377
inequality,1.34260356
race,1.3165786
woman,1.3119305
america,1.30860952
hallsten,1.30812874
catherine,1.30506948
yonghong,1.3032244
black,1.30291668
jurafsky,1.30261666
kroneberg,1.30004868
china,1.29628065
cybelle,1.2953549
turco,1.28686488
global,1.28112134
