KEYTERMS,WEIGHT
lpar,2.0
rpar,1.9896401
rdquo,1.3865506
ldquo,1.3863707
igos,1.30776763
igo,1.2933368
fdi,1.24598914
taiwan,1.17019604
rsquo,1.16657165
mdash,1.14492969
investment,1.08776772
geldenhuys,1.081816636
investor,1.07214806
membership,1.069146894
quest,1.0657995
kmt,1.06574005
roc,1.06261438
country,1.048669707
alcacer,1.0466867
mncs,1.045797225
lsquo,1.0442096
joint,1.04314411
foreign,1.041877512
achen,1.038907446
inflow,1.035292618
