KEYTERMS,WEIGHT
emsp,2.0
mldr,1.77435607
rsquo,1.5180348
parental,1.47770953
parent,1.399145
respondent,1.38507542
home,1.36482215
remitting,1.36015466
country,1.31636328
rdquo,1.30530113
ldquo,1.30517355
homeland,1.2884084
mdash,1.20261854
immigrant,1.18910713
generation,1.18836802
engagement,1.18121012
activity,1.17345938
tie,1.16412167
migrant,1.14346416
variable,1.13580708
connection,1.13015154
transnational,1.12536569
attachment,1.12050654
child,1.11820271
integration,1.11783686
