KEYTERMS,WEIGHT
ajs,2.0
paper,1.6694485
issue,1.42531213
special,1.39902964
publication,1.34769413
negative,1.3224256
peer,1.3147957
counterexample,1.2963165
submission,1.29312333
finding,1.26575556
theory,1.25807005
substantially,1.2427319
null,1.21259469
author,1.2003184
provide,1.19906648
accepted,1.17437638
returned,1.14727898
framework,1.14189348
letter,1.13471909
decision,1.1258298
july,1.120540574
date,1.11558891
considered,1.10058557
