KEYTERMS,WEIGHT
uchicago,2.0
chicago,1.6491003
edu,1.5381618
subscription,1.48636776
illinois,1.35181156
editor,1.35077563
www,1.32100976
permission,1.31180662
ajs,1.3104305
press,1.2808358
journal,1.2607494
electronic,1.26019204
division,1.23881851
copyright,1.2383185
andrew,1.23807803
print,1.2294342
rate,1.20928128
copying,1.20912437
editorial,1.20818844
michael,1.18994549
fax,1.18507276
postage,1.175451
ben,1.16158488
university,1.15806378
additional,1.15773681
