KEYTERMS,WEIGHT
mldr,2.0
nbsp,1.9662913
classroom,1.87662417
emsp,1.6476647
poverty,1.63357884
student,1.5506745
grade,1.49013624
model,1.30913064
estimate,1.30344
school,1.28811598
rsquo,1.28228703
score,1.25670642
msm,1.22875082
math,1.21902797
contextual,1.1865131
sigma,1.18040416
confounding,1.16459899
test,1.14907885
growth,1.13980761
neighborhood,1.13708696
cumulative,1.1325097
achievement,1.12912066
outcome,1.12666248
variable,1.12407233
exposure,1.122619234
