KEYTERMS,WEIGHT
professor,2.0
ethnic,1.9575444
university,1.90804
china,1.7227681
stockholm,1.71503955
linguistics,1.71108645
rsquo,1.6253121
stanford,1.5791496
network,1.558408
focus,1.5505017
dynamic,1.53350455
relation,1.508528
associate,1.5043954
stratification,1.50003
courtesy,1.4628953
lecturer,1.45424828
california,1.41006115
organizational,1.40871498
political,1.34376952
latin,1.33698642
race,1.330979
labor,1.31305045
behavior,1.2894017
politics,1.28816414
concern,1.28089106
