KEYTERMS,WEIGHT
lpar,2.0
rpar,1.99073356
immigrant,1.35225242
event,1.32469058
bali,1.25957984
attack,1.22269449
country,1.18230772
terror,1.18003401
treatment,1.16802569
mldr,1.15521257
nbsp,1.142556
respondent,1.12699407
contact,1.12412245
variable,1.12266684
intergroup,1.12050064
emsp,1.11134374
size,1.10876202
rsquo,1.10705092
mdash,1.10703451
portugal,1.104342505
rdquo,1.10377819
ldquo,1.10374763
unemployment,1.09863279
attitude,1.09627072
region,1.09232356
