KEYTERMS,WEIGHT
lpar,2.0
rpar,1.9857567
mldr,1.26325914
community,1.25864768
nbsp,1.24869235
project,1.22802597
lng,1.22423494
emsp,1.176272
mobilization,1.1710823
threat,1.117953144
movement,1.11515399
county,1.09681539
score,1.096173555
motivation,1.09199131
recipe,1.08962425
mobilize,1.085615456
rsquo,1.07970104
rdquo,1.07724185
ldquo,1.07720957
condition,1.076303855
political,1.07515313
percnt,1.07353293
outcome,1.070637226
scored,1.06938248
proposal,1.067828685
