KEYTERMS,WEIGHT
abolition,2.0
rsquo,1.85964775
penalty,1.72413784
death,1.39207783
mldr,1.27800113
global,1.27505004
nbsp,1.2687705
individual,1.2526778
right,1.23198742
human,1.21981579
sacrality,1.21093954
model,1.21074319
abolish,1.19311656
punishment,1.19054703
sacralization,1.16754922
country,1.16518293
rdquo,1.15218005
ldquo,1.15213522
cultural,1.14650188
crime,1.14270233
institutionalization,1.12361954
world,1.120335266
amnesty,1.11977133
mdash,1.11958484
variable,1.11732927
