KEYTERMS,WEIGHT
inequality,2.0
university,1.61972916
professor,1.5973777
assistant,1.5787541
coeditor,1.47988987
rsquo,1.42737436
candidate,1.42176142
stanford,1.3956291
amherst,1.35567668
organizational,1.27961868
racial,1.26891208
ethnic,1.26242694
examines,1.25342357
state,1.24514206
massachusetts,1.24290489
race,1.22700578
project,1.19599274
organization,1.18562323
center,1.18012242
culture,1.17468156
include,1.15925032
human,1.15709221
right,1.15245123
recent,1.1412477
interest,1.13822487
