KEYTERMS,WEIGHT
rdquo,2.0
ldquo,1.99953437
autism,1.5117868
expertise,1.39510116
ndash,1.3544662
kanner,1.3544311
parent,1.30336368
mdash,1.29139224
rsquo,1.24641833
expert,1.24370646
child,1.20774186
rimland,1.20502232
network,1.16632959
profession,1.15086216
clinician,1.13806501
lovaas,1.13267066
autistic,1.13146536
retardation,1.11970756
abbott,1.11413633
jurisdiction,1.11280438
abstraction,1.11090829
task,1.10838815
transcription,1.10073616
diagnosis,1.09392663
monopoly,1.08664923
