KEYTERMS,WEIGHT
rsquo,2.0
firm,1.58625144
pil,1.48865017
rdquo,1.35823956
ldquo,1.35807276
client,1.27311122
corporate,1.26005727
diversification,1.23455569
law,1.19521612
hellip,1.17137161
lawyer,1.1518563
mdash,1.13091776
emsp,1.11950778
plaintiff,1.11794675
counsel,1.10494147
company,1.08208616
audience,1.081803426
market,1.07653553
legal,1.07649044
litigation,1.074566565
firm_doing,1.06860437
contingency,1.067863315
status,1.06628795
practice,1.065995716
capability,1.06495809
