KEYTERMS,WEIGHT
rsquo,2.0
mldr,1.60522383
nbsp,1.5852875
rdquo,1.4931635
ldquo,1.49301982
pitch,1.48717657
speaker,1.39168867
turn,1.31899002
interruption,1.2788863
mdash,1.23273702
interpersonal,1.22871828
partner,1.21096712
alignment,1.18896341
conversation,1.17550223
dating,1.17519677
interaction,1.1664474
bonding,1.16072431
actor,1.15424655
mean,1.1532332
loudness,1.14449741
feature,1.14411952
speech,1.14235954
sense,1.13671723
participant,1.13355173
encounter,1.13061315
