KEYTERMS,WEIGHT
nbsp,2.0
inequality,1.84258264
professor,1.79601765
insead,1.6259376
stanford,1.61834097
university,1.5987627
rsquo,1.4985252
organizational,1.493984
migration,1.4692808
gender,1.45246533
organization,1.43656987
assistant,1.40729645
california_los,1.40435392
ethnicity,1.37507692
department,1.3592823
tie,1.35417008
candidate,1.33167714
california,1.32868508
implication,1.31763718
racial,1.3172706
dissertation,1.30988508
los_angeles,1.30009878
angeles,1.29884323
examines,1.2977592
international,1.28951937
